{
	"format_version": "1.8.0",
	"animations": {
		"idle": {
			"animation_length": 2,
			"bones": {
				"Head": {
					"rotation": {
						"0.0": [0, 0, 0],
						"0.5": [0, -15, 0],
						"1.5": [0, 20, 0],
						"2.0": [0, 0, 0]
					}
				},
				"overleg": {
					"rotation": {
						"0.0": [0, 0, 0],
						"0.5": [0, -17.5, 0],
						"1.5": [0, 10, 0],
						"2.0": [0, 0, 0]
					}
				}
			}
		},
		"attack": {
			"animation_length": 2,
			"bones": {
				"Head": {
					"rotation": {
						"0.0": [5, 0, 0],
						"0.125": [5, 0, 0],
						"0.25": [0, 0, 0]
					}
				},
				"RightArm": {
					"rotation": {
						"0.0": [147.89618, -5.35355, -8.45862],
						"0.125": [52.59219, 8.61517, -19.03081],
						"0.25": [0, 0, 0]
					}
				},
				"LeftArm": {
					"rotation": {
						"0.0": [150.37835, 4.98093, 8.6822],
						"0.125": [52.23699, -10.95827, 20.81897],
						"0.25": [0, 0, 0]
					}
				},
				"overleg": {
					"rotation": {
						"0.0": [0, 0, 0],
						"0.125": [-15, 0, 0],
						"0.25": [0, 0, 0]
					}
				}
			}
		},
		"animation": {
			"animation_length": 1,
			"bones": {
				"RightLeg": {
					"rotation": {
						"0.0": [0, 0, 0],
						"0.25": [15, 0, 0],
						"0.75": [-22.5, 0, 0],
						"1.0": [0, 0, 0]
					}
				},
				"LeftLeg": {
					"rotation": {
						"0.0": [0, 0, 0],
						"0.25": [-20, 0, 0],
						"0.75": [15, 0, 0],
						"1.0": [0, 0, 0]
					}
				}
			}
		}
	}
}