{
	"format_version": "1.8.0",
	"animations": {
		"idle": {
			"loop": true,
			"animation_length": 4,
			"bones": {
				"head": {
					"position": {
						"0.0": [0, 0, 0],
						"1.0": [0, -0.875, 0],
						"2.0": [0, 0.005, 0],
						"3.0": [0, 0.885, 0],
						"4.0": [0, 0.015, 0]
					}
				},
				"body": {
					"position": {
						"0.0": [0, 0, 0],
						"1.0": [0, -0.875, 0],
						"2.0": [0, 0.005, 0],
						"3.0": [0, 0.885, 0],
						"3.9583": [0, 0.015, 0]
					}
				},
				"mouth": {
					"rotation": {
						"0.0": [0, 0, 0],
						"0.25": [-2.5, 0, 0],
						"0.5": [5, 0, 0],
						"1.0": [-2.5, 0, 0],
						"1.4167": [2.5, 0, 0],
						"1.75": [-2.5, 0, 0],
						"2.0417": [2.50238, -2.49762, -0.10912],
						"2.4583": [7.50238, 2.49762, 0.10912],
						"2.75": [2.49521, 0.01899, -0.2172],
						"3.0": [-2.50479, 0.01899, -0.2172],
						"3.25": [2.48573, -4.97622, 0.00186],
						"3.5": [-0.02365, 0.0191, 0.21844],
						"3.75": [2.47635, 0.0191, 0.21844],
						"4.0": [-0.02365, 0.0191, 0.21844]
					}
				},
				"body1": {
					"rotation": {
						"0.0": [0, 0, 0],
						"1.0": [7.5, 0, 0],
						"2.0": [-2.50954, 4.99523, -0.21865],
						"3.0": [2.48336, -2.49773, -0.54393],
						"4.0": [-0.019, -0.00007, -0.43564]
					}
				},
				"horn1": {
					"rotation": {
						"0.0": [0, 0, 0],
						"1.0": [0, 0, -20.5],
						"1.25": [0, 0, -10],
						"3.0": [0, 0, 10],
						"4.0": [0, 0, 0]
					}
				},
				"horn2": {
					"rotation": {
						"0.0": [0, 0, 0],
						"1.0": [0, 0, 10],
						"2.0": [0, 0, 0],
						"3.0": [0, 0, -10],
						"4.0": [0, 0, 0]
					}
				},
				"Reye": {
					"position": {
						"0.0": [0, 0, 0],
						"0.25": [0, 0, -0.5],
						"0.5": [0, 0, -0.5],
						"0.75": [0, 0, 0],
						"2.2917": [0, 0, 0],
						"2.5417": [0, 0, 0.5],
						"2.7917": [0, 0, 0.5],
						"3.0417": [0, 0, 0]
					}
				},
				"Leye": {
					"position": {
						"0.0": [0, 0, 0],
						"1.0": [0, 0, 0],
						"1.25": [0, 0, 0.5],
						"1.5": [0, 0, 0.5],
						"1.75": [0, 0, 0],
						"2.625": [0, 0, 0],
						"2.875": [0, 0, -0.5],
						"3.125": [0, 0, -0.5],
						"3.375": [0, 0, 0],
						"4.0": [0, 0, 0]
					}
				}
			}
		},
		"walk": {
			"loop": true,
			"animation_length": 1.0833,
			"override_previous_animation": true,
			"bones": {
				"head": {
					"rotation": {
						"0.0": [0, 0, 0],
						"0.5417": {
							"pre": [2.5, 0, 0],
							"post": [2.5, 0, 0],
							"lerp_mode": "catmullrom"
						},
						"1.0833": {
							"post": [0, 0, 0],
							"lerp_mode": "catmullrom"
						}
					}
				},
				"horn1": {
					"rotation": {
						"0.0": [0, 0, 0],
						"0.25": {
							"pre": [5, 0, 0],
							"post": [5, 0, 0],
							"lerp_mode": "catmullrom"
						},
						"0.5": {
							"post": [5, 0, -10],
							"lerp_mode": "catmullrom"
						},
						"0.75": {
							"post": [-2.5, 0, -10],
							"lerp_mode": "catmullrom"
						},
						"1.0833": {
							"post": [0, 0, 0],
							"lerp_mode": "catmullrom"
						}
					}
				},
				"horn2": {
					"rotation": {
						"0.0": [0, 0, 0],
						"0.25": {
							"pre": [5, 0, 0],
							"post": [5, 0, 0],
							"lerp_mode": "catmullrom"
						},
						"0.5": {
							"post": [5, 0, 10],
							"lerp_mode": "catmullrom"
						},
						"0.75": {
							"post": [-2.5, 0, 10],
							"lerp_mode": "catmullrom"
						},
						"1.0833": {
							"post": [0, 0, 0],
							"lerp_mode": "catmullrom"
						}
					}
				},
				"mouth": {
					"rotation": {
						"0.0": [0, 0, 0],
						"0.2917": [0, 0, 0],
						"0.375": [0, -2.5, 0],
						"0.4583": [0, 2.5, 0],
						"0.5417": [0, 0, 0]
					}
				},
				"body": {
					"rotation": {
						"0.0": [0, 0, 0],
						"0.2917": [5, 0, 0],
						"0.5417": [0, 0, 0],
						"0.8333": [5, 0, 0],
						"1.0833": [0, 0, 0]
					},
					"position": [0, 0, 0]
				},
				"body0": {
					"position": [0, 0, 0]
				},
				"body2": {
					"position": [0, 0, 0]
				},
				"leg1": {
					"rotation": {
						"0.0": [0, 0, 0],
						"0.0833": [0, 0, 12.5],
						"0.2083": [0, -12.5, 12.5],
						"0.2917": [0, -12.5, 0],
						"0.7083": [0, 0, 0],
						"0.7917": [0, 0, 12.5],
						"0.9167": [0, -12.5, 12.5],
						"1.0": [0, -12.5, 0],
						"1.0833": [0, 0, 0]
					}
				},
				"leg2": {
					"rotation": {
						"0.1667": [0, 0, 0],
						"0.25": [0, 0, 12.5],
						"0.375": [0, -12.5, 12.5],
						"0.4583": [0, -12.5, 0],
						"0.5833": [0, 0, 0],
						"0.6667": [0, 0, 12.5],
						"0.7917": [0, -12.5, 12.5],
						"0.875": [0, -12.5, 0],
						"0.9583": [0, 0, 0]
					}
				},
				"leg3": {
					"rotation": {
						"0.0": [0, 0, 0],
						"0.0833": [0, 0, 12.5],
						"0.2083": [0, -12.5, 12.5],
						"0.2917": [0, -12.5, 0],
						"0.5": [0, 0, 0],
						"0.5833": [0, 0, 12.5],
						"0.7083": [0, -12.5, 12.5],
						"0.7917": [0, -12.5, 0],
						"0.875": [0, 0, 0]
					}
				},
				"leg4": {
					"rotation": {
						"0.125": [0, 0, 0],
						"0.2083": [0, 0, -12.5],
						"0.3333": [0, 12.5, -12.5],
						"0.4167": [0, 12.5, 0],
						"0.5833": [0, 0, 0],
						"0.6667": [0, 0, -12.5],
						"0.7917": [0, 12.5, -12.5],
						"0.875": [0, 12.5, 0],
						"0.9583": [0, 0, 0]
					}
				},
				"leg5": {
					"rotation": {
						"0.125": [0, 0, 0],
						"0.2083": [0, 0, -12.5],
						"0.3333": [0, 12.5, -12.5],
						"0.4167": [0, 12.5, 0],
						"0.6667": [0, 0, 0],
						"0.75": [0, 0, -12.5],
						"0.875": [0, 12.5, -12.5],
						"0.9583": [0, 12.5, 0],
						"1.0417": [0, 0, 0]
					}
				},
				"leg6": {
					"rotation": {
						"0.0": [0, 0, 0],
						"0.0833": [0, 0, -12.5],
						"0.2083": [0, 12.5, -12.5],
						"0.2917": [0, 12.5, 0],
						"0.75": [0, 0, 0],
						"0.8333": [0, 0, -12.5],
						"0.9583": [0, 12.5, -12.5],
						"1.0417": [0, 12.5, 0],
						"1.0833": [0, 0, 0]
					}
				}
			}
		}
	}
}