{
	"format_version": "1.8.0",
	"animations": {
		"groundsmash": {
			"animation_length": 3.25,
			"bones": {
				"corps": {
					"rotation": {
						"0.0": {
							"vector": [0, 0, 0]
						},
						"2.0": {
							"vector": [-7.5, 0, 0]
						},
						"2.5": {
							"vector": [-7.5, 0, 0]
						},
						"2.75": {
							"vector": [5, 0, 0]
						},
						"3.0": {
							"vector": [5, 0, 0]
						},
						"3.25": {
							"vector": [0, 0, 0]
						}
					},
					"position": {
						"0.0": {
							"vector": [0, 0, 0]
						},
						"2.0": {
							"vector": [0, 47, 14]
						},
						"2.5": {
							"vector": [0, 47, 14]
						},
						"2.75": {
							"vector": [0, 43, 14]
						},
						"3.0": {
							"vector": [0, 43, 14]
						},
						"3.25": {
							"vector": [0, 0, 0]
						}
					},
					"scale": {
						"0.0": {
							"vector": [1, 1, 1]
						},
						"2.0": {
							"vector": [3, 3, 3]
						},
						"2.5": {
							"vector": [3, 3, 3]
						},
						"2.75": {
							"vector": [3, 3, 3]
						},
						"3.0": {
							"vector": [3, 3, 3]
						},
						"3.25": {
							"vector": [1, 1, 1]
						}
					}
				},
				"brasdroit": {
					"rotation": {
						"0.0": {
							"vector": [-17.5, 0, 10]
						},
						"2.0": {
							"vector": [-15.27269, 8.64738, 38.83844]
						},
						"2.5": {
							"vector": [-15.27269, 8.64738, 38.83844]
						},
						"2.75": {
							"vector": [-26.54468, 2.06246, 25.29408]
						},
						"3.0": {
							"vector": [-26.54468, 2.06246, 25.29408]
						},
						"3.25": {
							"vector": [-17.5, 0, 10]
						}
					}
				},
				"avantbrasdroit": {
					"rotation": {
						"0.0": {
							"vector": [0, 0, -17.5]
						},
						"2.0": {
							"vector": [0, 0, -32.5]
						},
						"2.5": {
							"vector": [0, 0, -32.5]
						},
						"3.25": {
							"vector": [0, 0, -17.5]
						}
					}
				},
				"brasgauche": {
					"rotation": {
						"0.0": {
							"vector": [-17.5, 0, -5]
						},
						"2.0": {
							"vector": [-15.27269, -8.64738, -33.83844]
						},
						"2.5": {
							"vector": [-15.27269, -8.64738, -33.83844]
						},
						"2.75": {
							"vector": [-26.44228, -3.17785, -22.53385]
						},
						"3.0": {
							"vector": [-26.44228, -3.17785, -22.53385]
						},
						"3.25": {
							"vector": [-17.5, 0, -5]
						}
					}
				},
				"avantbrasgauche": {
					"rotation": {
						"0.0": {
							"vector": [0, 0, 7.5]
						},
						"2.0": {
							"vector": [0, 0, 20]
						},
						"2.5": {
							"vector": [0, 0, 20]
						},
						"2.75": {
							"vector": [0, 0, 30]
						},
						"3.0": {
							"vector": [0, 0, 30]
						},
						"3.25": {
							"vector": [0, 0, 7.5]
						}
					}
				},
				"tete": {
					"rotation": {
						"0.0": {
							"vector": [2.5, 0, 0]
						},
						"2.0": {
							"vector": [40.23, 0, 0]
						},
						"2.5": {
							"vector": [40.23, 0, 0]
						},
						"2.75": {
							"vector": [20, 0, 0]
						},
						"3.0": {
							"vector": [20, 0, 0]
						},
						"3.25": {
							"vector": [2.5, 0, 0]
						}
					}
				},
				"jambedroite": {
					"rotation": {
						"0.0": {
							"vector": [10, 0, 0]
						},
						"2.0": {
							"vector": [27.5, 0, 0]
						},
						"2.5": {
							"vector": [27.5, 0, 0]
						},
						"3.25": {
							"vector": [10, 0, 0]
						}
					}
				},
				"tibiadroite": {
					"rotation": {
						"0.0": {
							"vector": [0, 0, 0]
						},
						"2.0": {
							"vector": [35, 0, 0]
						},
						"2.5": {
							"vector": [35, 0, 0]
						},
						"2.75": {
							"vector": [35, 0, 0]
						},
						"3.0": {
							"vector": [35, 0, 0]
						},
						"3.25": {
							"vector": [0, 0, 0]
						}
					}
				},
				"jambegauche": {
					"rotation": {
						"0.0": {
							"vector": [0, 0, 0]
						},
						"2.0": {
							"vector": [-100, 0, 0]
						},
						"2.5": {
							"vector": [-100, 0, 0]
						},
						"2.75": {
							"vector": [-25, 0, 0]
						},
						"3.0": {
							"vector": [-25, 0, 0]
						},
						"3.25": {
							"vector": [0, 0, 0]
						}
					}
				},
				"tibiagauche": {
					"rotation": {
						"0.0": {
							"vector": [2.5, 0, 0]
						},
						"2.0": {
							"vector": [77.5, 0, 0]
						},
						"2.5": {
							"vector": [77.5, 0, 0]
						},
						"2.75": {
							"vector": [15, 0, 0]
						},
						"3.0": {
							"vector": [15, 0, 0]
						},
						"3.25": {
							"vector": [2.5, 0, 0]
						}
					}
				}
			}
		},
		"cast": {
			"animation_length": 0.75,
			"bones": {
				"corps": {
					"rotation": {
						"0.0": {
							"vector": [0, 0, 0]
						},
						"0.25": {
							"vector": [0, 30, 0]
						},
						"0.625": {
							"vector": [0, 30, 0]
						},
						"0.6667": {
							"vector": [0, 0, 0]
						}
					}
				},
				"brasdroit": {
					"rotation": {
						"vector": [-17.5, 0, 10]
					}
				},
				"avantbrasdroit": {
					"rotation": {
						"vector": [0, 0, -17.5]
					}
				},
				"brasgauche": {
					"rotation": {
						"0.0": {
							"vector": [-17.5, 0, -5]
						},
						"0.5": {
							"vector": [-87.43938, -12.48791, -5.55404]
						},
						"0.625": {
							"vector": [-87.44, -12.49, -5.55]
						},
						"0.6667": {
							"vector": [-17.5, 0, -5]
						}
					}
				},
				"avantbrasgauche": {
					"rotation": {
						"0.0": {
							"vector": [0, 0, 7.5]
						},
						"0.5": {
							"vector": [0, 0, -5]
						},
						"0.625": {
							"vector": [0, 0, -5]
						},
						"0.6667": {
							"vector": [0, 0, 7.5]
						}
					}
				},
				"tete": {
					"rotation": {
						"0.0": {
							"vector": [2.5, 0, 0]
						},
						"0.25": {
							"vector": [2.81797, -27.47162, -1.30078]
						},
						"0.625": {
							"vector": [2.82, -27.47, -1.3]
						},
						"0.6667": {
							"vector": [2.5, 0, 0]
						}
					}
				},
				"tibiagauche": {
					"rotation": {
						"vector": [2.5, 0, 0]
					}
				}
			}
		},
		"idle": {
			"loop": true,
			"bones": {
				"brasdroit": {
					"rotation": {
						"vector": [-17.5, 0, 10]
					}
				},
				"avantbrasdroit": {
					"rotation": {
						"vector": [0, 0, -17.5]
					}
				},
				"brasgauche": {
					"rotation": {
						"vector": [-17.5, 0, -5]
					}
				},
				"avantbrasgauche": {
					"rotation": {
						"vector": [0, 0, 7.5]
					}
				},
				"tete": {
					"rotation": {
						"vector": [2.5, 0, 0]
					}
				},
				"tibiagauche": {
					"rotation": {
						"vector": [2.5, 0, 0]
					}
				}
			}
		},
		"walk": {
			"loop": true,
			"animation_length": 1,
			"bones": {
				"corps": {
					"rotation": {
						"0.0": {
							"vector": [5, 0, 0]
						},
						"0.5": {
							"vector": [0, 0, 0]
						},
						"1.0": {
							"vector": [5, 0, 0]
						}
					},
					"position": {
						"vector": [0, -3, 0]
					}
				},
				"brasdroit": {
					"rotation": {
						"vector": [-17.5, 0, 10]
					}
				},
				"avantbrasdroit": {
					"rotation": {
						"vector": [0, 0, -17.5]
					}
				},
				"brasgauche": {
					"rotation": {
						"vector": [-17.5, 0, -5]
					}
				},
				"avantbrasgauche": {
					"rotation": {
						"vector": [0, 0, 7.5]
					}
				},
				"tete": {
					"rotation": {
						"vector": [2.5, 0, 0]
					}
				},
				"jambedroite": {
					"rotation": {
						"0.0": {
							"vector": [17.5, 0, 0]
						},
						"0.5": {
							"vector": [-22.5, 0, 0]
						},
						"1.0": {
							"vector": [17.5, 0, 0]
						}
					}
				},
				"tibiadroite": {
					"rotation": {
						"0.0": {
							"vector": [25, 0, 0]
						},
						"0.5": {
							"vector": [35, 0, 0]
						},
						"1.0": {
							"vector": [25, 0, 0]
						}
					}
				},
				"jambegauche": {
					"rotation": {
						"0.0": {
							"vector": [-25, 0, 0]
						},
						"0.5": {
							"vector": [2.5, 0, 0]
						},
						"1.0": {
							"vector": [-25, 0, 0]
						}
					}
				},
				"tibiagauche": {
					"rotation": {
						"0.0": {
							"vector": [17.5, 0, 0]
						},
						"0.5": {
							"vector": [27.5, 0, 0]
						},