{
  "credit": "Made with Blockbench",
  "parent": "builtin/entity",
  "texture_size": [
    512,
    512
  ],
  "display": {
    "thirdperson_righthand": {
      "rotation": [
        -89,
        0,
        0
      ],
      "translation": [
        0,
        -2,
        0.5
      ],
      "scale": [
        0.150390625,
        0.150390625,
        0.150390625
      ]
    },
    "thirdperson_lefthand": {
      "rotation": [
        -90.25,
        0,
        0
      ],
      "translation": [
        0,
        -2,
        0.25
      ],
      "scale": [
        0.119140625,
        0.119140625,
        0.119140625
      ]
    },
    "firstperson_righthand": {
      "translation": [
        0,
        1.25,
        0
      ],
      "scale": [
        0.1796875,
        0.1796875,
        0.1796875
      ]
    },
    "firstperson_lefthand": {
      "translation": [
        0,
        1.25,
        0
      ],
      "scale": [
        0.171875,
        0.171875,
        0.171875
      ]
    },
    "ground": {
      "scale": [
        0.107421875,
        0.107421875,
        0.107421875
      ]
    },
    "gui": {
      "rotation": [
        18.5,
        0,
        0
      ],
      "translation": [
        0,
        -5,
        0
      ],
      "scale": [
        0.3125,
        0.3125,
        0.3125
      ]
    },
    "head": {
      "scale": [
        0.28515625,
        0.28515625,
        0.28515625
      ]
    },
    "fixed": {
      "rotation": [
        -16.5,
        0,
        0
      ],
      "translation": [
        0,
        -5,
        0
      ],
      "scale": [
        0.3125,
        0.3125,
        0.3125
      ]
    }
  }
}