{
  "credit": "Made with Blockbench",
  "parent": "builtin/entity",
  "texture_size": [
    512,
    512
  ],
  "display": {
    "thirdperson_righthand": {
      "scale": [
        0.1328125,
        0.1328125,
        0.1328125
      ]
    },
    "thirdperson_lefthand": {
      "scale": [
        0.123046875,
        0.123046875,
        0.123046875
      ]
    },
    "firstperson_righthand": {
      "scale": [
        0.109375,
        0.109375,
        0.109375
      ]
    },
    "firstperson_lefthand": {
      "scale": [
        0.115234375,
        0.115234375,
        0.115234375
      ]
    },
    "ground": {
      "scale": [
        0.119140625,
        0.119140625,
        0.119140625
      ]
    },
    "gui": {
      "rotation": [
        20.63,
        45.79,
        -2
      ],
      "translation": [
        0,
        -4.5,
        -80
      ],
      "scale": [
        0.240234375,
        0.240234375,
        0.240234375
      ]
    },
    "head": {
      "scale": [
        0.296875,
        0.296875,
        0.296875
      ]
    },
    "fixed": {
      "rotation": [
        -21,
        -49.75,
        0
      ],
      "translation": [
        0,
        -3,
        -0.5
      ],
      "scale": [
        0.208984375,
        0.208984375,
        0.208984375
      ]
    }
  }
}