{
  "credit": "Made with Blockbench",
  "parent": "builtin/entity",
  "texture_size": [
    64,
    64
  ],
  "display": {
    "thirdperson_righthand": {
      "translation": [
        0,
        -2.75,
        0
      ],
      "scale": [
        0.1875,
        0.1875,
        0.1875
      ]
    },
    "thirdperson_lefthand": {
      "translation": [
        0,
        -1.75,
        0
      ],
      "scale": [
        0.1875,
        0.1875,
        0.1875
      ]
    },
    "firstperson_righthand": {
      "scale": [
        0.19921875,
        0.19921875,
        0.19921875
      ]
    },
    "firstperson_lefthand": {
      "scale": [
        0.19921875,
        0.19921875,
        0.19921875
      ]
    },
    "ground": {
      "scale": [
        0.2578125,
        0.2578125,
        0.2578125
      ]
    },
    "gui": {
      "rotation": [
        27.73,
        45.37,
        -3.63
      ],
      "translation": [
        0,
        -3.5,
        0
      ],
      "scale": [
        0.42578125,
        0.42578125,
        0.42578125
      ]
    },
    "head": {
      "scale": [
        0.3046875,
        0.3046875,
        0.3046875
      ]
    },
    "fixed": {
      "rotation": [
        -13.82,
        41.76,
        1.7
      ],
      "translation": [
        0.5,
        -3.25,
        0
      ],
      "scale": [
        0.416015625,
        0.416015625,
        0.416015625
      ]
    }
  }
}