{
	"format_version": "1.8.0",
	"animations": {
		"parryhand": {
			"animation_length": 2.25,
			"bones": {
				"torso": {
					"rotation": {
						"0.125": {
							"vector": [11.24314, 27.0478, 5.16524]
						},
						"0.2083": {
							"vector": [7.6277, -15.30701, -2.73145]
						},
						"0.2917": {
							"vector": [11.24314, 27.0478, 5.16524]
						},
						"0.375": {
							"vector": [7.6277, -15.30701, -2.73145]
						},
						"0.4583": {
							"vector": [11.24314, 27.0478, 5.16524]
						}
					},
					"position": {
						"vector": [0, -0.75, 0]
					}
				},
				"head": {
					"rotation": {
						"0.0": {
							"vector": [42.5, 0, 0]
						},
						"0.125": {
							"vector": [5.01673, 7.50236, 0.10996]
						},
						"0.2083": {
							"vector": [4.98803, -7.49761, 0.10995]
						},
						"0.2917": {
							"vector": [5.01673, 7.50236, 0.10996]
						},
						"0.375": {
							"vector": [4.98803, -7.49761, 0.10995]
						},
						"0.4583": {
							"vector": [5.01673, 7.50236, 0.10996]
						},
						"1.3333": {
							"vector": [5.21286, -17.40124, -2.1096]
						},
						"1.5417": {
							"vector": [5.21, -17.4, -2.11]
						},
						"1.6667": {
							"vector": [5.21184, 17.46413, 1.01998]
						}
					},
					"position": {
						"vector": [0, -1.5, 0]
					}
				},
				"right_arm": {
					"rotation": {
						"0.0": {
							"vector": [-146.65802, -23.55706, 51.68934]
						},
						"0.1667": {
							"vector": [-90, -10, 0]
						},
						"0.25": {
							"vector": [-90, 15, 0]
						},
						"0.3333": {
							"vector": [-90, -10, 0]
						},
						"0.4167": {
							"vector": [-90, 15, 0]
						},
						"1.375": {
							"vector": [-90, -40, 0]
						},
						"1.5417": {
							"vector": [-90, -40, 0]
						},
						"1.6667": {
							"vector": [-90, 15, 0]
						}
					},
					"position": {
						"0.0": {
							"vector": [1.25, -4, -4.5]
						},
						"0.1667": {
							"vector": [-1, 0, -9.75]
						},
						"0.25": {
							"vector": [-2, 0, 7.75]
						},
						"0.3333": {
							"vector": [-1, 0, -9.75]
						},
						"0.4167": {
							"vector": [-2, 0, 7.75]
						},
						"1.375": {
							"vector": [-2, 0, 0.75]
						},
						"1.5417": {
							"vector": [-2, 0, 0.75]
						},
						"1.6667": {
							"vector": [1, 0, 3.75]
						}
					}
				},
				"left_arm": {
					"rotation": {
						"0.0": {
							"vector": [-143.76961, 13.90086, -46.94032]
						},
						"0.125": {
							"vector": [-90, 7.5, 0]
						},
						"0.2083": {
							"vector": [-90, -27.5, 0]
						},
						"0.2917": {
							"vector": [-90, 7.5, 0]
						},
						"0.375": {
							"vector": [-90, -27.5, 0]
						},
						"0.4583": {
							"vector": [-90, 7.5, 0]
						},
						"1.2917": {
							"vector": [-90, -45, 0]
						},
						"1.5417": {
							"vector": [-90, -45, 0]
						},
						"1.6667": {
							"vector": [-90, 15, 0]
						}
					},
					"position": {
						"0.0": {
							"vector": [-2.25, -3.75, -2.75]
						},
						"0.125": {
							"vector": [-1, 0, -9.75]
						},
						"0.2083": {
							"vector": [-2, 0, 7.75]
						},
						"0.2917": {
							"vector": [-1, 0, -9.75]
						},
						"0.375": {
							"vector": [-2, 0, 7.75]
						},
						"0.4583": {
							"vector": [-1, 0, -9.75]
						},
						"1.2917": {
							"vector": [-3, 0, 8.25]
						},
						"1.5417": {
							"vector": [-3, 0, 8.25]
						},
						"1.6667": {
							"vector": [-2, 0, -9.75]
						}
					}
				},
				"right_leg": {
					"rotation": {
						"0.0": {
							"vector": [12.5, 0, 0]
						},
						"0.125": {
							"vector": [-22.78356, 9.39129, -3.45118]
						}
					},
					"position": {
						"0.0": {
							"vector": [0, 0.75, -1.5]
						},
						"0.125": {
							"vector": [0, -0.75, 2.75]
						}
					}
				},
				"left_leg": {
					"rotation": {
						"0.0": {
							"vector": [17.5, 0, 0]
						},
						"0.125": {
							"vector": [16.82405, 6.98796, -5.6953]
						}
					},
					"position": {
						"0.0": {
							"vector": [0, 0.5, -2.25]
						},
						"0.125": {
							"vector": [0, -1.5, 0.75]
						}
					}
				}
			}
		}
	},
	"geckolib_format_version": 2
}