{
	"format_version": "1.8.0",
	"animations": {
		"upforceslash": {
			"animation_length": 3.41667,
			"bones": {
				"body": {
					"rotation": {
						"1.2083": {
							"vector": [0, 0, 0]
						},
						"1.25": {
							"vector": [0, 0, 0]
						},
						"2.6667": {
							"vector": [0, 0, 0]
						},
						"2.875": {
							"vector": [0, 360, 0]
						}
					},
					"position": {
						"1.2083": {
							"vector": [0, 0, 0]
						},
						"1.25": {
							"vector": [0, 0.25, 0]
						},
						"1.2917": {
							"vector": [-0.25, 0.25, 0]
						},
						"1.3333": {
							"vector": [-0.25, -0.25, 0]
						},
						"1.375": {
							"vector": [0.25, -0.25, 0]
						},
						"1.4167": {
							"vector": [0.25, -0.25, 0.25]
						},
						"1.4583": {
							"vector": [0.25, 0, 0]
						},
						"1.5": {
							"vector": [0, 0, 0]
						},
						"1.5417": {
							"vector": [0, -0.25, 0]
						},
						"1.5833": {
							"vector": [0, 0, 0]
						},
						"1.625": {
							"vector": [0, 0.25, 0]
						},
						"1.6667": {
							"vector": [-0.25, 0.25, 0]
						},
						"1.7083": {
							"vector": [-0.25, -0.25, 0]
						},
						"1.75": {
							"vector": [0.25, -0.25, 0]
						},
						"1.7917": {
							"vector": [0.25, -0.25, 0.25]
						},
						"1.8333": {
							"vector": [0.25, 0, 0]
						},
						"1.875": {
							"vector": [0, 0, 0]
						},
						"1.9167": {
							"vector": [0, -0.25, 0]
						},
						"1.9583": {
							"vector": [0, 0, 0]
						},
						"2.0": {
							"vector": [0, 0.25, 0]
						},
						"2.0417": {
							"vector": [-0.25, 0.25, 0]
						},
						"2.0833": {
							"vector": [-0.25, -0.25, 0]
						},
						"2.125": {
							"vector": [0.25, -0.25, 0]
						},
						"2.1667": {
							"vector": [0.25, -0.25, 0.25]
						},
						"2.2083": {
							"vector": [0.25, 0, 0]
						},
						"2.25": {
							"vector": [0, 0, 0]
						},
						"2.2917": {
							"vector": [0, 0, 0]
						}
					}
				},
				"head": {
					"rotation": {
						"0.6667": {
							"vector": [0, 0, 0]
						},
						"0.75": {
							"vector": [21.50238, -21.07593, -8.0634]
						},
						"0.9167": {
							"vector": [21.5, -21.08, -8.06]
						},
						"2.4583": {
							"vector": [21.5, -21.08, -8.06]
						},
						"2.5": {
							"vector": [9, -21.08, -8.06]
						}
					},
					"position": {
						"1.2083": {
							"vector": [0, 0, 0]
						},
						"1.25": {
							"vector": [0, 0.25, 0]
						},
						"1.2917": {
							"vector": [-0.25, 0.25, 0]
						},
						"1.3333": {
							"vector": [-0.25, -0.25, 0]
						},
						"1.375": {
							"vector": [0.25, -0.25, 0]
						},
						"1.4167": {
							"vector": [0.25, -0.25, 0.25]
						},
						"1.4583": {
							"vector": [0.25, 0, 0]
						},
						"1.5": {
							"vector": [0, 0, 0]
						},
						"1.5417": {
							"vector": [0, -0.25, 0]
						},
						"1.5833": {
							"vector": [0, 0, 0]
						},
						"1.625": {
							"vector": [0, 0.25, 0]
						},
						"1.6667": {
							"vector": [-0.25, 0.25, 0]
						},
						"1.7083": {
							"vector": [-0.25, -0.25, 0]
						},
						"1.75": {
							"vector": [0.25, -0.25, 0]
						},
						"1.7917": {
							"vector": [0.25, -0.25, 0.25]
						},
						"1.8333": {
							"vector": [0.25, 0, 0]
						},
						"1.875": {
							"vector": [0, 0, 0]
						},
						"1.9167": {
							"vector": [0, -0.25, 0]
						},
						"1.9583": {
							"vector": [0, 0, 0]
						},
						"2.0": {
							"vector": [0, 0.25, 0]
						},
						"2.0417": {
							"vector": [-0.25, 0.25, 0]
						},
						"2.0833": {
							"vector": [-0.25, -0.25, 0]
						},
						"2.125": {
							"vector": [0.25, -0.25, 0]
						},
						"2.1667": {
							"vector": [0.25, -0.25, 0.25]
						},
						"2.2083": {
							"vector": [0.25, 0, 0]
						},
						"2.25": {
							"vector": [0, 0, 0]
						},
						"2.2917": {
							"vector": [0, 0, 0]
						}
					}
				},
				"right_arm": {
					"rotation": {
						"0.0": {
							"vector": [-95.07673, -9.96156, 0.88045]
						},
						"0.25": {
							"vector": [-95.08, -9.96, 0.88]
						},
						"0.4583": {
							"vector": [-176.22897, -9.22553, -21.93134]
						},
						"0.6667": {
							"vector": [-176.23, -9.23, -21.93]
						},
						"0.75": {
							"vector": [-148.44226, -27.69333, 109.70575]
						},
						"0.9167": {
							"vector": [-148.44226, -27.69333, 109.70575]
						},
						"1.0": {
							"vector": [-3.44226, -27.69333, 109.70575]
						},
						"1.0833": {
							"vector": [-160.28877, 32.9742, -42.46211]
						},
						"1.1667": {
							"vector": [-32.10195, 21.73176, -67.71976]
						},
						"2.4167": {
							"vector": [-32.1, 21.73, -67.72]
						},
						"2.5": {
							"vector": [-137.56957, -26.0292, 95.89329]
						},
						"2.6667": {
							"vector": [-137.57, -26.03, 95.89]
						},
						"2.875": {
							"vector": [55.6454, -13.86027, 86.53549]
						}
					},
					"position": {
						"1.2083": {
							"vector": [0, 0, 0]
						},
						"1.25": {
							"vector": [-0.5, 0, 0]
						},
						"1.2917": {
							"vector": [-0.5, 0.5, 0]
						},
						"1.3333": {
							"vector": [0, 0.5, -0.5]
						},
						"1.375": {
							"vector": [0, -0.25, -0.5]
						},
						"1.4167": {
							"vector": [-0.75, -0.25, -0.5]
						},
						"1.4583": {
							"vector": [0, -0.75, -0.5]
						},
						"1.5": {
							"vector": [0, 0, 0]
						},
						"1.5417": {
							"vector": [-0.5, 0, 0]
						},
						"1.5833": {
							"vector": [-0.5, 0.5, 0]
						},
						"1.625": {
							"vector": [0, 0.5, -0.5]
						},
						"1.6667": {
							"vector": [0, -0.25, -0.5]
						},
						"1.7083": {
							"vector": [-0.75, -0.25, -0.5]
						},
						"1.75": {
							"vector": [0, -0.75, -0.5]
						},
						"1.7917": {
							"vector": [0, 0, 0]
						},
						"1.8333": {
							"vector": [-0.5, 0, 0]
						},
						"1.875": {
							"vector": [-0.5, 0.5, 0]
						},
						"1.9167": {
							"vector": [0, 0.5, -0.5]
						},
						"1.9583": {
							"vector": [0, -0.25, -0.5]
						},
						"2.0": {
							"vector": [-0.75, -0.25, -0.5]
						},
						"2.0417": {
							"vector": [0, -0.75, -0.5]
						},
						"2.0833": {
							"vector": [0, 0, 0]
						},
						"2.125": {
							"vector": [-0.5, 0, 0]
						},
						"2.1667": {
							"vector": [-0.5, 0.5, 0]
						},
						"2.2083": {
							"vector": [0, 0.5, -0.5]
						},
						"2.25": {
							"vector": [0, -0.25, -0.5]
						},
						"2.2917": {
							"vector": [0, 0, 0]
						}
					}
				},
				"left_arm": {
					"rotation": {
						"0.0": {
							"vector": [53.71433, 14.26008, -10.25103]
						},
						"0.25": {
							"vector": [53.71, 14.26, -10.25]
						},
						"0.4583": {
							"vector": [-169.60197, 10.48424, 20.24237]
						},
						"0.6667": {
							"vector": [-169.6, 10.48, 20.24]
						},
						"0.75": {
							"vector": [-55.65312, -35.3601, -6.83812]
						},
						"0.9167": {
							"vector": [-55.65, -35.36, -6.84]
						},
						"1.0": {
							"vector": [1.31025, -62.59472, -76.73647]
						}
					},
					"position": {
						"0.6667": {
							"vector": [0, 0, 0]
						},
						"0.75": {
							"vector": [-3, 0, 3.75]
						},
						"0.9167": {
							"vector": [-3, 0, 3.75]
						},
						"1.0": {
							"vector": [0, 0, 0]
						},
						"1.2083": {
							"vector": [0, 0, 0]
						},
						"1.25": {
							"vector": [0, 0.25, 0]
						},
						"1.2917": {
							"vector": [-0.25, 0.25, 0]
						},
						"1.3333": {
							"vector": [-0.25, -0.25, 0]
						},
						"1.375": {
							"vector": [0.25, -0.25, 0]
						},
						"1.4167": {
							"vector": [0.25, -0.25, 0.25]
						},
						"1.4583": {
							"vector": [0.25, 0, 0]
						},
						"1.5": {
							"vector": [0, 0, 0]
						},
						"1.5417": {
							"vector": [0, -0.25, 0]
						},
						"1.5833": {
							"vector": [0, 0, 0]
						},
						"1.625": {
							"vector": [0, 0.25, 0]
						},
						"1.6667": {
							"vector": [-0.25, 0.25, 0]
						},